permno,adate,qdate,public_date,bm,TICKER
12308,2018/12/31,2019/09/30,2020/01/31,0.571,CHTR
12308,2019/12/31,2019/12/31,2020/02/29,0.483,CHTR
12308,2019/12/31,2019/12/31,2020/03/31,0.483,CHTR
12308,2019/12/31,2019/12/31,2020/04/30,0.483,CHTR
12308,2019/12/31,2020/03/31,2020/05/31,0.525,CHTR
12308,2019/12/31,2020/03/31,2020/06/30,0.525,CHTR
12308,2019/12/31,2020/03/31,2020/07/31,0.525,CHTR
12308,2019/12/31,2020/06/30,2020/08/31,0.451,CHTR
12308,2019/12/31,2020/06/30,2020/09/30,0.451,CHTR
12308,2019/12/31,2020/06/30,2020/10/31,0.451,CHTR
12308,2019/12/31,2020/09/30,2020/11/30,0.359,CHTR
12308,2019/12/31,2020/09/30,2020/12/31,0.359,CHTR
12308,2019/12/31,2020/09/30,2021/01/31,0.359,CHTR
12308,2020/12/31,2020/12/31,2021/02/28,0.327,CHTR
12308,2020/12/31,2020/12/31,2021/03/31,0.327,CHTR
12308,2020/12/31,2020/12/31,2021/04/30,0.327,CHTR
12308,2020/12/31,2021/03/31,2021/05/31,0.337,CHTR
12308,2020/12/31,2021/03/31,2021/06/30,0.337,CHTR
12308,2020/12/31,2021/03/31,2021/07/31,0.337,CHTR
12308,2020/12/31,2021/06/30,2021/08/31,0.287,CHTR
12308,2020/12/31,2021/06/30,2021/09/30,0.287,CHTR
12308,2020/12/31,2021/06/30,2021/10/31,0.287,CHTR
12308,2020/12/31,2021/09/30,2021/11/30,0.276,CHTR
12308,2020/12/31,2021/09/30,2021/12/31,0.276,CHTR
13267,2018/12/31,2019/09/30,2020/01/31,0.375,CZR
13267,2019/12/31,2019/12/31,2020/02/29,0.312,CZR
13267,2019/12/31,2019/12/31,2020/03/31,0.312,CZR
13267,2019/12/31,2019/12/31,2020/04/30,0.312,CZR
13267,2019/12/31,2020/03/31,2020/05/31,0.617,CZR
13267,2019/12/31,2020/03/31,2020/06/30,0.617,CZR
13721,2018/12/31,2019/09/30,2020/01/31,,ABBV
13721,2019/12/31,2019/12/31,2020/02/29,,ABBV
13721,2019/12/31,2019/12/31,2020/03/31,,ABBV
13721,2019/12/31,2019/12/31,2020/04/30,,ABBV
13721,2019/12/31,2020/03/31,2020/05/31,,ABBV
13721,2019/12/31,2020/03/31,2020/06/30,,ABBV
13721,2019/12/31,2020/03/31,2020/07/31,,ABBV
13721,2019/12/31,2020/06/30,2020/08/31,0.113,ABBV
13721,2019/12/31,2020/06/30,2020/09/30,0.113,ABBV
13721,2019/12/31,2020/06/30,2020/10/31,0.113,ABBV
13721,2019/12/31,2020/09/30,2020/11/30,0.128,ABBV
13721,2019/12/31,2020/09/30,2020/12/31,0.128,ABBV
13721,2019/12/31,2020/09/30,2021/01/31,0.128,ABBV
13721,2020/12/31,2020/12/31,2021/02/28,0.088,ABBV
13721,2020/12/31,2020/12/31,2021/03/31,0.088,ABBV
13721,2020/12/31,2020/12/31,2021/04/30,0.088,ABBV
13721,2020/12/31,2021/03/31,2021/05/31,0.091,ABBV
13721,2020/12/31,2021/03/31,2021/06/30,0.091,ABBV
13721,2020/12/31,2021/03/31,2021/07/31,0.091,ABBV
13721,2020/12/31,2021/06/30,2021/08/31,0.082,ABBV
13721,2020/12/31,2021/06/30,2021/09/30,0.082,ABBV
13721,2020/12/31,2021/06/30,2021/10/31,0.082,ABBV
13721,2020/12/31,2021/09/30,2021/11/30,0.090,ABBV
13721,2020/12/31,2021/09/30,2021/12/31,0.090,ABBV
13928,2018/12/31,2019/09/30,2020/01/31,0.637,COP
13928,2019/12/31,2019/12/31,2020/02/29,0.562,COP
13928,2019/12/31,2019/12/31,2020/03/31,0.562,COP
13928,2019/12/31,2019/12/31,2020/04/30,0.562,COP
13928,2019/12/31,2020/03/31,2020/05/31,1.073,COP
13928,2019/12/31,2020/03/31,2020/06/30,1.073,COP
13928,2019/12/31,2020/03/31,2020/07/31,1.073,COP
13928,2019/12/31,2020/06/30,2020/08/31,0.785,COP
13928,2019/12/31,2020/06/30,2020/09/30,0.785,COP
13928,2019/12/31,2020/06/30,2020/10/31,0.785,COP
13928,2019/12/31,2020/09/30,2020/11/30,0.983,COP
13928,2019/12/31,2020/09/30,2020/12/31,0.983,COP
13928,2019/12/31,2020/09/30,2021/01/31,0.983,COP
13928,2020/12/31,2020/12/31,2021/02/28,0.787,COP
13928,2020/12/31,2020/12/31,2021/03/31,0.787,COP
13928,2020/12/31,2020/12/31,2021/04/30,0.787,COP
13928,2020/12/31,2021/03/31,2021/05/31,0.673,COP
13928,2020/12/31,2021/03/31,2021/06/30,0.673,COP
13928,2020/12/31,2021/03/31,2021/07/31,0.673,COP
13928,2020/12/31,2021/06/30,2021/08/31,0.608,COP
13928,2020/12/31,2021/06/30,2021/09/30,0.608,COP
13928,2020/12/31,2021/06/30,2021/10/31,0.608,COP
13928,2020/12/31,2021/09/30,2021/11/30,0.557,COP
13928,2020/12/31,2021/09/30,2021/12/31,0.557,COP
13949,2018/12/31,2019/09/30,2020/01/31,0.059,CDW
13949,2019/12/31,2019/12/31,2020/02/29,0.050,CDW
13949,2019/12/31,2019/12/31,2020/03/31,0.050,CDW
13949,2019/12/31,2019/12/31,2020/04/30,0.050,CDW
13949,2019/12/31,2020/03/31,2020/05/31,0.072,CDW
13949,2019/12/31,2020/03/31,2020/06/30,0.072,CDW
13949,2019/12/31,2020/03/31,2020/07/31,0.072,CDW
13949,2019/12/31,2020/06/30,2020/08/31,0.068,CDW
13949,2019/12/31,2020/06/30,2020/09/30,0.068,CDW
13949,2019/12/31,2020/06/30,2020/10/31,0.068,CDW
13949,2019/12/31,2020/09/30,2020/11/30,0.076,CDW
13949,2019/12/31,2020/09/30,2020/12/31,0.076,CDW
13949,2019/12/31,2020/09/30,2021/01/31,0.076,CDW
13949,2020/12/31,2020/12/31,2021/02/28,0.072,CDW
13949,2020/12/31,2020/12/31,2021/03/31,0.072,CDW
13949,2020/12/31,2020/12/31,2021/04/30,0.072,CDW
13949,2020/12/31,2021/03/31,2021/05/31,0.052,CDW
13949,2020/12/31,2021/03/31,2021/06/30,0.052,CDW
13949,2020/12/31,2021/03/31,2021/07/31,0.052,CDW
13949,2020/12/31,2021/06/30,2021/08/31,0.045,CDW
13949,2020/12/31,2021/06/30,2021/09/30,0.045,CDW
13949,2020/12/31,2021/06/30,2021/10/31,0.045,CDW
13949,2020/12/31,2021/09/30,2021/11/30,0.035,CDW
13949,2020/12/31,2021/09/30,2021/12/31,0.035,CDW
14702,2019/10/31,2019/10/31,2020/01/31,0.165,AMAT
14702,2019/10/31,2019/10/31,2020/02/29,0.165,AMAT
14702,2019/10/31,2020/01/31,2020/03/31,0.163,AMAT
14702,2019/10/31,2020/01/31,2020/04/30,0.163,AMAT
14702,2019/10/31,2020/01/31,2020/05/31,0.163,AMAT
14702,2019/10/31,2020/04/30,2020/06/30,0.198,AMAT
14702,2019/10/31,2020/04/30,2020/07/31,0.198,AMAT
14702,2019/10/31,2020/04/30,2020/08/31,0.198,AMAT
14702,2019/10/31,2020/07/31,2020/09/30,0.163,AMAT
14702,2019/10/31,2020/07/31,2020/10/31,0.163,AMAT
14702,2019/10/31,2020/07/31,2020/11/30,0.163,AMAT
14702,2020/10/31,2020/10/31,2020/12/31,0.196,AMAT
14702,2020/10/31,2020/10/31,2021/01/31,0.196,AMAT
14702,2020/10/31,2020/10/31,2021/02/28,0.196,AMAT
14702,2020/10/31,2021/01/31,2021/03/31,0.129,AMAT
14702,2020/10/31,2021/01/31,2021/04/30,0.129,AMAT
14702,2020/10/31,2021/01/31,2021/05/31,0.129,AMAT
14702,2020/10/31,2021/04/30,2021/06/30,0.099,AMAT
14702,2020/10/31,2021/04/30,2021/07/31,0.099,AMAT
14702,2020/10/31,2021/04/30,2021/08/31,0.099,AMAT
14702,2020/10/31,2021/07/31,2021/09/30,0.095,AMAT
14702,2020/10/31,2021/07/31,2021/10/31,0.095,AMAT
14702,2020/10/31,2021/07/31,2021/11/30,0.095,AMAT
14702,2021/10/31,2021/10/31,2021/12/31,0.101,AMAT
14882,2018/12/31,2019/09/30,2020/01/31,0.437,ERI
14882,2019/12/31,2019/12/31,2020/02/29,0.284,ERI
14882,2019/12/31,2019/12/31,2020/03/31,0.284,ERI
14882,2019/12/31,2019/12/31,2020/04/30,0.284,ERI
14882,2019/12/31,2020/03/31,2020/05/31,0.980,ERI
14882,2019/12/31,2020/03/31,2020/06/30,0.980,ERI
14882,2019/12/31,2020/03/31,2020/07/31,0.980,ERI
14882,2019/12/31,2020/06/30,2020/08/31,0.446,ERI
14882,2019/12/31,2020/06/30,2020/09/30,0.446,ERI
14882,2019/12/31,2020/06/30,2020/10/31,0.446,ERI
14882,2019/12/31,2020/09/30,2020/11/30,0.470,CZR
14882,2019/12/31,2020/09/30,2020/12/31,0.470,CZR
14882,2019/12/31,2020/09/30,2021/01/31,0.470,CZR
14882,2020/12/31,2020/12/31,2021/02/28,0.400,CZR
14882,2020/12/31,2020/12/31,2021/03/31,0.400,CZR
14882,2020/12/31,2020/12/31,2021/04/30,0.400,CZR
14882,2020/12/31,2021/03/31,2021/05/31,0.314,CZR
14882,2020/12/31,2021/03/31,2021/06/30,0.314,CZR
14882,2020/12/31,2021/03/31,2021/07/31,0.314,CZR
14882,2020/12/31,2021/06/30,2021/08/31,0.284,CZR
14882,2020/12/31,2021/06/30,2021/09/30,0.284,CZR
14882,2020/12/31,2021/06/30,2021/10/31,0.284,CZR
14882,2020/12/31,2021/09/30,2021/11/30,0.254,CZR
14882,2020/12/31,2021/09/30,2021/12/31,0.254,CZR
15488,2018/12/31,2019/09/30,2020/01/31,0.136,PYPL
15488,2019/12/31,2019/12/31,2020/02/29,0.134,PYPL
15488,2019/12/31,2019/12/31,2020/03/31,0.134,PYPL
15488,2019/12/31,2019/12/31,2020/04/30,0.134,PYPL
15488,2019/12/31,2020/03/31,2020/05/31,0.142,PYPL
15488,2019/12/31,2020/03/31,2020/06/30,0.142,PYPL
15488,2019/12/31,2020/03/31,2020/07/31,0.142,PYPL
15488,2019/12/31,2020/06/30,2020/08/31,0.086,PYPL
15488,2019/12/31,2020/06/30,2020/09/30,0.086,PYPL
15488,2019/12/31,2020/06/30,2020/10/31,0.086,PYPL
15488,2019/12/31,2020/09/30,2020/11/30,0.080,PYPL
15488,2019/12/31,2020/09/30,2020/12/31,0.080,PYPL
15488,2019/12/31,2020/09/30,2021/01/31,0.080,PYPL
15488,2020/12/31,2020/12/31,2021/02/28,0.073,PYPL
15488,2020/12/31,2020/12/31,2021/03/31,0.073,PYPL
15488,2020/12/31,2020/12/31,2021/04/30,0.073,PYPL
15488,2020/12/31,2021/03/31,2021/05/31,0.068,PYPL
15488,2020/12/31,2021/03/31,2021/06/30,0.068,PYPL
15488,2020/12/31,2021/03/31,2021/07/31,0.068,PYPL
15488,2020/12/31,2021/06/30,2021/08/31,0.061,PYPL
15488,2020/12/31,2021/06/30,2021/09/30,0.061,PYPL
15488,2020/12/31,2021/06/30,2021/10/31,0.061,PYPL
15488,2020/12/31,2021/09/30,2021/11/30,0.072,PYPL
15488,2020/12/31,2021/09/30,2021/12/31,0.072,PYPL
16087,2018/12/31,2019/09/30,2020/01/31,0.311,FTV
16087,2019/12/31,2019/12/31,2020/02/29,0.288,FTV
16087,2019/12/31,2019/12/31,2020/03/31,0.288,FTV
16087,2019/12/31,2019/12/31,2020/04/30,0.288,FTV
16087,2019/12/31,2020/03/31,2020/05/31,0.390,FTV
16087,2019/12/31,2020/03/31,2020/06/30,0.390,FTV
16087,2019/12/31,2020/03/31,2020/07/31,0.390,FTV
16087,2019/12/31,2020/06/30,2020/08/31,0.324,FTV
16087,2019/12/31,2020/06/30,2020/09/30,0.324,FTV
16087,2019/12/31,2020/06/30,2020/10/31,0.324,FTV
16087,2019/12/31,2020/09/30,2020/11/30,0.299,FTV
16087,2019/12/31,2020/09/30,2020/12/31,0.299,FTV
16087,2019/12/31,2020/09/30,2021/01/31,0.299,FTV
16087,2020/12/31,2020/12/31,2021/02/28,0.375,FTV
16087,2020/12/31,2020/12/31,2021/03/31,0.375,FTV
16087,2020/12/31,2020/12/31,2021/04/30,0.375,FTV
16087,2020/12/31,2021/03/31,2021/05/31,0.377,FTV
16087,2020/12/31,2021/03/31,2021/06/30,0.377,FTV
16087,2020/12/31,2021/03/31,2021/07/31,0.377,FTV
16087,2020/12/31,2021/06/30,2021/08/31,0.368,FTV
16087,2020/12/31,2021/06/30,2021/09/30,0.368,FTV
16087,2020/12/31,2021/06/30,2021/10/31,0.368,FTV
16087,2020/12/31,2021/09/30,2021/11/30,0.368,FTV
16087,2020/12/31,2021/09/30,2021/12/31,0.368,FTV
16678,2019/01/31,2019/10/31,2020/01/31,0.528,KR
16678,2019/01/31,2019/10/31,2020/02/29,0.528,KR
16678,2020/01/31,2020/01/31,2020/03/31,0.476,KR
16678,2020/01/31,2020/01/31,2020/04/30,0.476,KR
16678,2020/01/31,2020/01/31,2020/05/31,0.476,KR
16678,2020/01/31,2020/04/30,2020/06/30,0.443,KR
16678,2020/01/31,2020/04/30,2020/07/31,0.443,KR
16678,2020/01/31,2020/04/30,2020/08/31,0.443,KR
16678,2020/01/31,2020/07/31,2020/09/30,0.425,KR
16678,2020/01/31,2020/07/31,2020/10/31,0.425,KR
16678,2020/01/31,2020/07/31,2020/11/30,0.425,KR
16678,2020/01/31,2020/10/31,2020/12/31,0.476,KR
16678,2020/01/31,2020/10/31,2021/01/31,0.476,KR
16678,2020/01/31,2020/10/31,2021/02/28,0.476,KR
16678,2021/01/31,2021/01/31,2021/03/31,0.425,KR
16678,2021/01/31,2021/01/31,2021/04/30,0.425,KR
16678,2021/01/31,2021/01/31,2021/05/31,0.425,KR
16678,2021/01/31,2021/04/30,2021/06/30,0.394,KR
16678,2021/01/31,2021/04/30,2021/07/31,0.394,KR
16678,2021/01/31,2021/04/30,2021/08/31,0.394,KR
16678,2021/01/31,2021/07/31,2021/09/30,0.357,KR
16678,2021/01/31,2021/07/31,2021/10/31,0.357,KR
16678,2021/01/31,2021/07/31,2021/11/30,0.357,KR
16678,2021/01/31,2021/10/31,2021/12/31,0.377,KR
18163,2019/06/30,2019/09/30,2020/01/31,0.171,PG
18163,2019/06/30,2019/12/31,2020/02/29,0.169,PG
18163,2019/06/30,2019/12/31,2020/03/31,0.169,PG
18163,2019/06/30,2019/12/31,2020/04/30,0.169,PG
18163,2019/06/30,2020/03/31,2020/05/31,0.191,PG
18163,2019/06/30,2020/03/31,2020/06/30,0.191,PG
18163,2019/06/30,2020/03/31,2020/07/31,0.191,PG
18163,2020/06/30,2020/06/30,2020/08/31,0.175,PG
18163,2020/06/30,2020/06/30,2020/09/30,0.175,PG
18163,2020/06/30,2020/06/30,2020/10/31,0.175,PG
18163,2020/06/30,2020/09/30,2020/11/30,0.159,PG
18163,2020/06/30,2020/09/30,2020/12/31,0.159,PG
18163,2020/06/30,2020/09/30,2021/01/31,0.159,PG
18163,2020/06/30,2020/12/31,2021/02/28,0.159,PG
18163,2020/06/30,2020/12/31,2021/03/31,0.159,PG
18163,2020/06/30,2020/12/31,2021/04/30,0.159,PG
18163,2020/06/30,2021/03/31,2021/05/31,0.159,PG
18163,2020/06/30,2021/03/31,2021/06/30,0.159,PG
18163,2020/06/30,2021/03/31,2021/07/31,0.159,PG
18163,2021/06/30,2021/06/30,2021/08/31,0.158,PG
18163,2021/06/30,2021/06/30,2021/09/30,0.158,PG
18163,2021/06/30,2021/06/30,2021/10/31,0.158,PG
18163,2021/06/30,2021/09/30,2021/11/30,0.155,PG
18163,2021/06/30,2021/09/30,2021/12/31,0.155,PG
19285,2019/12/31,2020/03/31,2020/06/30,0.258,
19285,2019/12/31,2020/03/31,2020/07/31,0.258,
19285,2019/12/31,2020/06/30,2020/08/31,0.232,CARR
19285,2019/12/31,2020/06/30,2020/09/30,0.232,CARR
19285,2019/12/31,2020/06/30,2020/10/31,0.232,CARR
19285,2019/12/31,2020/09/30,2020/11/30,0.210,CARR
19285,2019/12/31,2020/09/30,2020/12/31,0.210,CARR
19285,2019/12/31,2020/09/30,2021/01/31,0.210,CARR
19285,2020/12/31,2020/12/31,2021/02/28,0.206,CARR
19285,2020/12/31,2020/12/31,2021/03/31,0.206,CARR
19285,2020/12/31,2020/12/31,2021/04/30,0.206,CARR
19285,2020/12/31,2021/03/31,2021/05/31,0.190,CARR
19285,2020/12/31,2021/03/31,2021/06/30,0.190,CARR
19285,2020/12/31,2021/03/31,2021/07/31,0.190,CARR
19285,2020/12/31,2021/06/30,2021/08/31,0.173,CARR
19285,2020/12/31,2021/06/30,2021/09/30,0.173,CARR
19285,2020/12/31,2021/06/30,2021/10/31,0.173,CARR
19285,2020/12/31,2021/09/30,2021/11/30,0.161,CARR
19285,2020/12/31,2021/09/30,2021/12/31,0.161,CARR
19393,2018/12/31,2019/09/30,2020/01/31,0.214,BMY
19393,2019/12/31,2019/12/31,2020/02/29,0.402,BMY
19393,2019/12/31,2019/12/31,2020/03/31,0.402,BMY
19393,2019/12/31,2019/12/31,2020/04/30,0.402,BMY
19393,2019/12/31,2020/03/31,2020/05/31,0.448,BMY
19393,2019/12/31,2020/03/31,2020/06/30,0.448,BMY
19393,2019/12/31,2020/03/31,2020/07/31,0.448,BMY
19393,2019/12/31,2020/06/30,2020/08/31,0.417,BMY
19393,2019/12/31,2020/06/30,2020/09/30,0.417,BMY
19393,2019/12/31,2020/06/30,2020/10/31,0.417,BMY
19393,2019/12/31,2020/09/30,2020/11/30,0.412,BMY
19393,2019/12/31,2020/09/30,2020/12/31,0.412,BMY
19393,2019/12/31,2020/09/30,2021/01/31,0.412,BMY
19393,2020/12/31,2020/12/31,2021/02/28,0.311,BMY
19393,2020/12/31,2020/12/31,2021/03/31,0.311,BMY
19393,2020/12/31,2020/12/31,2021/04/30,0.311,BMY
19393,2020/12/31,2021/03/31,2021/05/31,0.304,BMY
19393,2020/12/31,2021/03/31,2021/06/30,0.304,BMY
19393,2020/12/31,2021/03/31,2021/07/31,0.304,BMY
19393,2020/12/31,2021/06/30,2021/08/31,0.281,BMY
19393,2020/12/31,2021/06/30,2021/09/30,0.281,BMY
19393,2020/12/31,2021/06/30,2021/10/31,0.281,BMY
19393,2020/12/31,2021/09/30,2021/11/30,0.321,BMY
19393,2020/12/31,2021/09/30,2021/12/31,0.321,BMY
21124,2020/12/31,2021/06/30,2021/08/31,0.653,OGN
21124,2020/12/31,2021/06/30,2021/09/30,0.675,OGN
21124,2020/12/31,2021/06/30,2021/10/31,0.603,OGN
21124,2020/12/31,2021/09/30,2021/11/30,0.757,OGN
21124,2020/12/31,2021/09/30,2021/12/31,0.727,OGN
21186,2019/09/30,2019/09/30,2020/01/31,1.548,WRK
21186,2019/09/30,2019/12/31,2020/02/29,1.327,WRK
21186,2019/09/30,2019/12/31,2020/03/31,1.327,WRK
21186,2019/09/30,2019/12/31,2020/04/30,1.327,WRK
21186,2019/09/30,2020/03/31,2020/05/31,1.961,WRK
21186,2019/09/30,2020/03/31,2020/06/30,1.961,WRK
21186,2019/09/30,2020/03/31,2020/07/31,1.961,WRK
21186,2019/09/30,2020/06/30,2020/08/31,1.991,WRK
21186,2019/09/30,2020/06/30,2020/09/30,1.991,WRK
21186,2019/09/30,2020/06/30,2020/10/31,1.991,WRK
21186,2020/09/30,2020/09/30,2020/11/30,1.498,WRK
21186,2020/09/30,2020/09/30,2020/12/31,1.498,WRK
21186,2020/09/30,2020/09/30,2021/01/31,1.498,WRK
21186,2020/09/30,2020/12/31,2021/02/28,1.210,WRK
21186,2020/09/30,2020/12/31,2021/03/31,1.210,WRK
21186,2020/09/30,2020/12/31,2021/04/30,1.210,WRK
21186,2020/09/30,2021/03/31,2021/05/31,1.006,WRK
21186,2020/09/30,2021/03/31,2021/06/30,1.006,WRK
21186,2020/09/30,2021/03/31,2021/07/31,1.006,WRK
21186,2020/09/30,2021/06/30,2021/08/31,1.009,WRK
21186,2020/09/30,2021/06/30,2021/09/30,1.009,WRK
21186,2020/09/30,2021/06/30,2021/10/31,1.009,WRK
21186,2021/09/30,2021/09/30,2021/11/30,1.107,WRK
21186,2021/09/30,2021/09/30,2021/12/31,1.107,WRK
21792,2018/12/31,2019/09/30,2020/01/31,0.690,CNP
21792,2019/12/31,2019/12/31,2020/02/29,0.770,CNP
21792,2019/12/31,2019/12/31,2020/03/31,0.770,CNP
21792,2019/12/31,2019/12/31,2020/04/30,0.770,CNP
21792,2019/12/31,2020/03/31,2020/05/31,1.132,CNP
21792,2019/12/31,2020/03/31,2020/06/30,1.132,CNP
21792,2019/12/31,2020/03/31,2020/07/31,1.132,CNP
21792,2019/12/31,2020/06/30,2020/08/31,0.928,CNP
21792,2019/12/31,2020/06/30,2020/09/30,0.928,CNP
21792,2019/12/31,2020/06/30,2020/10/31,0.928,CNP
21792,2019/12/31,2020/09/30,2020/11/30,0.902,CNP
21792,2019/12/31,2020/09/30,2020/12/31,0.902,CNP
21792,2019/12/31,2020/09/30,2021/01/31,0.902,CNP
21792,2020/12/31,2020/12/31,2021/02/28,0.804,CNP
21792,2020/12/31,2020/12/31,2021/03/31,0.804,CNP
21792,2020/12/31,2020/12/31,2021/04/30,0.804,CNP
21792,2020/12/31,2021/03/31,2021/05/31,0.803,CNP
21792,2020/12/31,2021/03/31,2021/06/30,0.803,CNP
21792,2020/12/31,2021/03/31,2021/07/31,0.803,CNP
21792,2020/12/31,2021/06/30,2021/08/31,0.745,CNP
21792,2020/12/31,2021/06/30,2021/09/30,0.745,CNP
21792,2020/12/31,2021/06/30,2021/10/31,0.745,CNP
21792,2020/12/31,2021/09/30,2021/11/30,0.764,CNP
21792,2020/12/31,2021/09/30,2021/12/31,0.764,CNP
22517,2018/12/31,2019/09/30,2020/01/31,0.664,PPL
22517,2019/12/31,2019/12/31,2020/02/29,0.589,PPL
22517,2019/12/31,2019/12/31,2020/03/31,0.589,PPL
22517,2019/12/31,2019/12/31,2020/04/30,0.589,PPL
22517,2019/12/31,2020/03/31,2020/05/31,0.874,PPL
22517,2019/12/31,2020/03/31,2020/06/30,0.874,PPL
22517,2019/12/31,2020/03/31,2020/07/31,0.874,PPL
22517,2019/12/31,2020/06/30,2020/08/31,0.828,PPL
22517,2019/12/31,2020/06/30,2020/09/30,0.828,PPL
22517,2019/12/31,2020/06/30,2020/10/31,0.828,PPL
22517,2019/12/31,2020/09/30,2020/11/30,0.831,PPL
22517,2019/12/31,2020/09/30,2020/12/31,0.831,PPL
22517,2019/12/31,2020/09/30,2021/01/31,0.831,PPL
22517,2020/12/31,2020/12/31,2021/02/28,0.787,PPL
22517,2020/12/31,2020/12/31,2021/03/31,0.787,PPL
22517,2020/12/31,2020/12/31,2021/04/30,0.787,PPL
22517,2020/12/31,2021/03/31,2021/05/31,0.678,PPL
22517,2020/12/31,2021/03/31,2021/06/30,0.678,PPL
22517,2020/12/31,2021/03/31,2021/07/31,0.678,PPL
22517,2020/12/31,2021/06/30,2021/08/31,0.843,PPL
22517,2020/12/31,2021/06/30,2021/09/30,0.843,PPL
22517,2020/12/31,2021/06/30,2021/10/31,0.843,PPL
22517,2020/12/31,2021/09/30,2021/11/30,0.840,PPL
22517,2020/12/31,2021/09/30,2021/12/31,0.840,PPL
23660,2019/05/31,2019/11/30,2020/01/31,0.133,CTAS
23660,2019/05/31,2019/11/30,2020/02/29,0.133,CTAS
23660,2019/05/31,2019/11/30,2020/03/31,0.133,CTAS
23660,2019/05/31,2020/02/29,2020/04/30,0.135,CTAS
23660,2019/05/31,2020/02/29,2020/05/31,0.135,CTAS
23660,2019/05/31,2020/02/29,2020/06/30,0.135,CTAS
23660,2020/05/31,2020/05/31,2020/07/31,0.141,CTAS
23660,2020/05/31,2020/05/31,2020/08/31,0.141,CTAS
23660,2020/05/31,2020/05/31,2020/09/30,0.141,CTAS
23660,2020/05/31,2020/08/31,2020/10/31,0.115,CTAS
23660,2020/05/31,2020/08/31,2020/11/30,0.115,CTAS
23660,2020/05/31,2020/08/31,2020/12/31,0.115,CTAS
23660,2020/05/31,2020/11/30,2021/01/31,0.107,CTAS
23660,2020/05/31,2020/11/30,2021/02/28,0.107,CTAS
23660,2020/05/31,2020/11/30,2021/03/31,0.107,CTAS
23660,2020/05/31,2021/02/28,2021/04/30,0.123,CTAS
23660,2020/05/31,2021/02/28,2021/05/31,0.123,CTAS
23660,2020/05/31,2021/02/28,2021/06/30,0.123,CTAS
23660,2021/05/31,2021/05/31,2021/07/31,0.111,CTAS
23660,2021/05/31,2021/05/31,2021/08/31,0.111,CTAS
23660,2021/05/31,2021/05/31,2021/09/30,0.111,CTAS
23660,2021/05/31,2021/08/31,2021/10/31,0.091,CTAS
23660,2021/05/31,2021/08/31,2021/11/30,0.091,CTAS
23660,2021/05/31,2021/08/31,2021/12/31,0.091,CTAS
24109,2018/12/31,2019/09/30,2020/01/31,0.587,AEP
24109,2019/12/31,2019/12/31,2020/02/29,0.588,AEP
24109,2019/12/31,2019/12/31,2020/03/31,0.588,AEP
24109,2019/12/31,2019/12/31,2020/04/30,0.588,AEP
24109,2019/12/31,2020/03/31,2020/05/31,0.692,AEP
24109,2019/12/31,2020/03/31,2020/06/30,0.692,AEP
24109,2019/12/31,2020/03/31,2020/07/31,0.692,AEP
24109,2019/12/31,2020/06/30,2020/08/31,0.704,AEP
24109,2019/12/31,2020/06/30,2020/09/30,0.704,AEP
24109,2019/12/31,2020/06/30,2020/10/31,0.704,AEP
24109,2019/12/31,2020/09/30,2020/11/30,0.700,AEP
24109,2019/12/31,2020/09/30,2020/12/31,0.700,AEP
24109,2019/12/31,2020/09/30,2021/01/31,0.700,AEP
24109,2020/12/31,2020/12/31,2021/02/28,0.702,AEP
24109,2020/12/31,2020/12/31,2021/03/31,0.702,AEP
24109,2020/12/31,2020/12/31,2021/04/30,0.702,AEP
24109,2020/12/31,2021/03/31,2021/05/31,0.693,AEP
24109,2020/12/31,2021/03/31,2021/06/30,0.693,AEP
24109,2020/12/31,2021/03/31,2021/07/31,0.693,AEP
24109,2020/12/31,2021/06/30,2021/08/31,0.703,AEP
24109,2020/12/31,2021/06/30,2021/09/30,0.703,AEP
24109,2020/12/31,2021/06/30,2021/10/31,0.703,AEP
24109,2020/12/31,2021/09/30,2021/11/30,0.756,AEP
24109,2020/12/31,2021/09/30,2021/12/31,0.756,AEP
26607,2018/12/31,2019/09/30,2020/01/31,9.722,BH
26607,2019/12/31,2019/12/31,2020/02/29,9.437,BH
26607,2019/12/31,2019/12/31,2020/03/31,9.437,BH
26607,2019/12/31,2019/12/31,2020/04/30,9.437,BH
26607,2019/12/31,2020/03/31,2020/05/31,15.504,BH
26607,2019/12/31,2020/03/31,2020/06/30,15.504,BH
26607,2019/12/31,2020/03/31,2020/07/31,15.504,BH
26607,2019/12/31,2020/06/30,2020/08/31,12.871,BH
26607,2019/12/31,2020/06/30,2020/09/30,12.871,BH
26607,2019/12/31,2020/06/30,2020/10/31,12.871,BH
26607,2019/12/31,2020/09/30,2020/11/30,10.282,BH
26607,2019/12/31,2020/09/30,2020/12/31,10.282,BH
26607,2019/12/31,2020/09/30,2021/01/31,10.282,BH
26607,2020/12/31,2020/12/31,2021/02/28,8.778,BH
26607,2020/12/31,2020/12/31,2021/03/31,8.778,BH
26607,2020/12/31,2020/12/31,2021/04/30,8.778,BH
26607,2020/12/31,2021/03/31,2021/05/31,8.537,BH
26607,2020/12/31,2021/03/31,2021/06/30,8.537,BH
26607,2020/12/31,2021/03/31,2021/07/31,8.537,BH
26607,2020/12/31,2021/06/30,2021/08/31,6.810,BH
26607,2020/12/31,2021/06/30,2021/09/30,6.810,BH
26607,2020/12/31,2021/06/30,2021/10/31,6.810,BH
26607,2020/12/31,2021/09/30,2021/11/30,6.153,BH
26607,2020/12/31,2021/09/30,2021/12/31,6.153,BH
29946,2019/04/30,2019/10/31,2020/01/31,0.067,BF
29946,2019/04/30,2019/10/31,2020/02/29,0.067,BF
29946,2019/04/30,2020/01/31,2020/03/31,0.068,BF
29946,2019/04/30,2020/01/31,2020/04/30,0.068,BF
29946,2019/04/30,2020/01/31,2020/05/31,0.068,BF
29946,2020/04/30,2020/04/30,2020/06/30,0.072,BF
29946,2020/04/30,2020/04/30,2020/07/31,0.072,BF
29946,2020/04/30,2020/04/30,2020/08/31,0.072,BF
29946,2020/04/30,2020/07/31,2020/09/30,0.070,BF
29946,2020/04/30,2020/07/31,2020/10/31,0.070,BF
29946,2020/04/30,2020/07/31,2020/11/30,0.070,BF
29946,2020/04/30,2020/10/31,2020/12/31,0.076,BF
29946,2020/04/30,2020/10/31,2021/01/31,0.076,BF
29946,2020/04/30,2020/10/31,2021/02/28,0.076,BF
29946,2020/04/30,2021/01/31,2021/03/31,0.076,BF
29946,2020/04/30,2021/01/31,2021/04/30,0.076,BF
29946,2020/04/30,2021/01/31,2021/05/31,0.076,BF
29946,2021/04/30,2021/04/30,2021/06/30,0.077,BF
29946,2021/04/30,2021/04/30,2021/07/31,0.077,BF
29946,2021/04/30,2021/04/30,2021/08/31,0.077,BF
29946,2021/04/30,2021/07/31,2021/09/30,0.085,BF
29946,2021/04/30,2021/07/31,2021/10/31,0.085,BF
29946,2021/04/30,2021/07/31,2021/11/30,0.085,BF
29946,2021/04/30,2021/10/31,2021/12/31,0.095,BF
36003,2018/12/31,2019/09/30,2020/01/31,0.073,ROL
36003,2019/12/31,2019/12/31,2020/02/29,0.076,ROL
36003,2019/12/31,2019/12/31,2020/03/31,0.076,ROL
36003,2019/12/31,2019/12/31,2020/04/30,0.076,ROL
36003,2019/12/31,2020/03/31,2020/05/31,0.069,ROL
36003,2019/12/31,2020/03/31,2020/06/30,0.069,ROL
36003,2019/12/31,2020/03/31,2020/07/31,0.069,ROL
36003,2019/12/31,2020/06/30,2020/08/31,0.063,ROL
36003,2019/12/31,2020/06/30,2020/09/30,0.063,ROL
36003,2019/12/31,2020/06/30,2020/10/31,0.063,ROL
36003,2019/12/31,2020/09/30,2020/11/30,0.053,ROL
36003,2019/12/31,2020/09/30,2020/12/31,0.053,ROL
36003,2019/12/31,2020/09/30,2021/01/31,0.053,ROL
36003,2020/12/31,2020/12/31,2021/02/28,0.050,ROL
36003,2020/12/31,2020/12/31,2021/03/31,0.050,ROL
36003,2020/12/31,2020/12/31,2021/04/30,0.050,ROL
36003,2020/12/31,2021/03/31,2021/05/31,0.059,ROL
36003,2020/12/31,2021/03/31,2021/06/30,0.059,ROL
36003,2020/12/31,2021/03/31,2021/07/31,0.059,ROL
36003,2020/12/31,2021/06/30,2021/08/31,0.063,ROL
36003,2020/12/31,2021/06/30,2021/09/30,0.063,ROL
36003,2020/12/31,2021/06/30,2021/10/31,0.063,ROL
36003,2020/12/31,2021/09/30,2021/11/30,0.064,ROL
36003,2020/12/31,2021/09/30,2021/12/31,0.064,ROL
39642,2019/09/30,2019/09/30,2020/01/31,0.299,BDX
39642,2019/09/30,2019/12/31,2020/02/29,0.287,BDX
39642,2019/09/30,2019/12/31,2020/03/31,0.287,BDX
39642,2019/09/30,2019/12/31,2020/04/30,0.287,BDX
39642,2019/09/30,2020/03/31,2020/05/31,0.335,BDX
39642,2019/09/30,2020/03/31,2020/06/30,0.335,BDX
39642,2019/09/30,2020/03/31,2020/07/31,0.335,BDX
39642,2019/09/30,2020/06/30,2020/08/31,0.346,BDX
39642,2019/09/30,2020/06/30,2020/09/30,0.346,BDX
39642,2019/09/30,2020/06/30,2020/10/31,0.346,BDX
39642,2020/09/30,2020/09/30,2020/11/30,0.338,BDX
39642,2020/09/30,2020/09/30,2020/12/31,0.338,BDX
39642,2020/09/30,2020/09/30,2021/01/31,0.338,BDX
39642,2020/09/30,2020/12/31,2021/02/28,0.339,BDX
39642,2020/09/30,2020/12/31,2021/03/31,0.339,BDX
39642,2020/09/30,2020/12/31,2021/04/30,0.339,BDX
39642,2020/09/30,2021/03/31,2021/05/31,0.351,BDX
39642,2020/09/30,2021/03/31,2021/06/30,0.351,BDX
39642,2020/09/30,2021/03/31,2021/07/31,0.351,BDX
39642,2020/09/30,2021/06/30,2021/08/31,0.346,BDX
39642,2020/09/30,2021/06/30,2021/09/30,0.346,BDX
39642,2020/09/30,2021/06/30,2021/10/31,0.346,BDX
39642,2021/09/30,2021/09/30,2021/11/30,0.342,BDX
39642,2021/09/30,2021/09/30,2021/12/31,0.342,BDX
39693,2018/12/31,2019/09/30,2020/01/31,0.500,B
39693,2019/12/31,2019/12/31,2020/02/29,0.432,B
39693,2019/12/31,2019/12/31,2020/03/31,0.432,B
39693,2019/12/31,2019/12/31,2020/04/30,0.432,B
39693,2019/12/31,2020/03/31,2020/05/31,0.630,B
39693,2019/12/31,2020/03/31,2020/06/30,0.630,B
39693,2019/12/31,2020/03/31,2020/07/31,0.630,B
39693,2019/12/31,2020/06/30,2020/08/31,0.674,B
39693,2019/12/31,2020/06/30,2020/09/30,0.674,B
39693,2019/12/31,2020/06/30,2020/10/31,0.674,B
39693,2019/12/31,2020/09/30,2020/11/30,0.772,B
39693,2019/12/31,2020/09/30,2020/12/31,0.772,B
39693,2019/12/31,2020/09/30,2021/01/31,0.772,B
39693,2020/12/31,2020/12/31,2021/02/28,0.574,B
39693,2020/12/31,2020/12/31,2021/03/31,0.574,B
39693,2020/12/31,2020/12/31,2021/04/30,0.574,B
39693,2020/12/31,2021/03/31,2021/05/31,0.574,B
39693,2020/12/31,2021/03/31,2021/06/30,0.574,B
39693,2020/12/31,2021/03/31,2021/07/31,0.574,B
39693,2020/12/31,2021/06/30,2021/08/31,0.566,B
39693,2020/12/31,2021/06/30,2021/09/30,0.566,B
39693,2020/12/31,2021/06/30,2021/10/31,0.566,B
39693,2020/12/31,2021/09/30,2021/11/30,0.694,B
39693,2020/12/31,2021/09/30,2021/12/31,0.694,B
40125,2019/03/31,2019/09/30,2020/01/31,1.134,DXC
40125,2019/03/31,2019/12/31,2020/02/29,0.918,DXC
40125,2019/03/31,2019/12/31,2020/03/31,0.918,DXC
40125,2019/03/31,2019/12/31,2020/04/30,0.918,DXC
40125,2020/03/31,2020/03/31,2020/05/31,1.663,DXC
40125,2020/03/31,2020/03/31,2020/06/30,1.663,DXC
40125,2020/03/31,2020/03/31,2020/07/31,1.663,DXC
40125,2020/03/31,2020/06/30,2020/08/31,1.096,DXC
40125,2020/03/31,2020/06/30,2020/09/30,1.096,DXC
40125,2020/03/31,2020/06/30,2020/10/31,1.096,DXC
40125,2020/03/31,2020/09/30,2020/11/30,0.970,DXC
40125,2020/03/31,2020/09/30,2020/12/31,0.970,DXC
40125,2020/03/31,2020/09/30,2021/01/31,0.970,DXC
40125,2020/03/31,2020/12/31,2021/02/28,0.863,DXC
40125,2020/03/31,2020/12/31,2021/03/31,0.863,DXC
40125,2020/03/31,2020/12/31,2021/04/30,0.863,DXC
40125,2021/03/31,2021/03/31,2021/05/31,0.670,DXC
40125,2021/03/31,2021/03/31,2021/06/30,0.670,DXC
40125,2021/03/31,2021/03/31,2021/07/31,0.670,DXC
40125,2021/03/31,2021/06/30,2021/08/31,0.513,DXC
40125,2021/03/31,2021/06/30,2021/09/30,0.513,DXC
40125,2021/03/31,2021/06/30,2021/10/31,0.513,DXC
40125,2021/03/31,2021/09/30,2021/11/30,0.563,DXC
40125,2021/03/31,2021/09/30,2021/12/31,0.563,DXC
44601,2018/12/31,2019/09/30,2020/01/31,0.111,AVY
44601,2019/12/31,2019/12/31,2020/02/29,0.114,AVY
44601,2019/12/31,2019/12/31,2020/03/31,0.114,AVY
44601,2019/12/31,2019/12/31,2020/04/30,0.114,AVY
44601,2019/12/31,2020/03/31,2020/05/31,0.138,AVY
44601,2019/12/31,2020/03/31,2020/06/30,0.138,AVY
44601,2019/12/31,2020/03/31,2020/07/31,0.138,AVY
44601,2019/12/31,2020/06/30,2020/08/31,0.128,AVY
44601,2019/12/31,2020/06/30,2020/09/30,0.128,AVY
44601,2019/12/31,2020/06/30,2020/10/31,0.128,AVY
44601,2019/12/31,2020/09/30,2020/11/30,0.125,AVY
44601,2019/12/31,2020/09/30,2020/12/31,0.125,AVY
44601,2019/12/31,2020/09/30,2021/01/31,0.125,AVY
44601,2020/12/31,2020/12/31,2021/02/28,0.119,AVY
44601,2020/12/31,2020/12/31,2021/03/31,0.119,AVY
44601,2020/12/31,2020/12/31,2021/04/30,0.119,AVY
44601,2020/12/31,2021/03/31,2021/05/31,0.104,AVY
44601,2020/12/31,2021/03/31,2021/06/30,0.104,AVY
44601,2020/12/31,2021/03/31,2021/07/31,0.104,AVY
44601,2020/12/31,2021/06/30,2021/08/31,0.098,AVY
44601,2020/12/31,2021/06/30,2021/09/30,0.098,AVY
44601,2020/12/31,2021/06/30,2021/10/31,0.098,AVY
44601,2020/12/31,2021/09/30,2021/11/30,0.105,AVY
44601,2020/12/31,2021/09/30,2021/12/31,0.105,AVY
46674,2018/12/31,2019/09/30,2020/01/31,0.268,GPC
46674,2019/12/31,2019/12/31,2020/02/29,0.253,GPC
46674,2019/12/31,2019/12/31,2020/03/31,0.253,GPC
46674,2019/12/31,2019/12/31,2020/04/30,0.253,GPC
46674,2019/12/31,2020/03/31,2020/05/31,0.372,GPC
46674,2019/12/31,2020/03/31,2020/06/30,0.372,GPC
46674,2019/12/31,2020/03/31,2020/07/31,0.372,GPC
46674,2019/12/31,2020/06/30,2020/08/31,0.244,GPC
46674,2019/12/31,2020/06/30,2020/09/30,0.244,GPC
46674,2019/12/31,2020/06/30,2020/10/31,0.244,GPC
46674,2019/12/31,2020/09/30,2020/11/30,0.235,GPC
46674,2019/12/31,2020/09/30,2020/12/31,0.235,GPC
46674,2019/12/31,2020/09/30,2021/01/31,0.235,GPC
46674,2020/12/31,2020/12/31,2021/02/28,0.236,GPC
46674,2020/12/31,2020/12/31,2021/03/31,0.236,GPC
46674,2020/12/31,2020/12/31,2021/04/30,0.236,GPC
46674,2020/12/31,2021/03/31,2021/05/31,0.211,GPC
46674,2020/12/31,2021/03/31,2021/06/30,0.211,GPC
46674,2020/12/31,2021/03/31,2021/07/31,0.211,GPC
46674,2020/12/31,2021/06/30,2021/08/31,0.191,GPC
46674,2020/12/31,2021/06/30,2021/09/30,0.191,GPC
46674,2020/12/31,2021/06/30,2021/10/31,0.191,GPC
46674,2020/12/31,2021/09/30,2021/11/30,0.197,GPC
46674,2020/12/31,2021/09/30,2021/12/31,0.197,GPC
47896,2018/12/31,2019/09/30,2020/01/31,0.639,JPM
47896,2019/12/31,2019/12/31,2020/02/29,0.562,JPM
47896,2019/12/31,2019/12/31,2020/03/31,0.562,JPM
47896,2019/12/31,2019/12/31,2020/04/30,0.562,JPM
47896,2019/12/31,2020/03/31,2020/05/31,0.843,JPM
47896,2019/12/31,2020/03/31,2020/06/30,0.843,JPM
47896,2019/12/31,2020/03/31,2020/07/31,0.843,JPM
47896,2019/12/31,2020/06/30,2020/08/31,0.818,JPM
47896,2019/12/31,2020/06/30,2020/09/30,0.818,JPM
47896,2019/12/31,2020/06/30,2020/10/31,0.818,JPM
47896,2019/12/31,2020/09/30,2020/11/30,0.821,JPM
47896,2019/12/31,2020/09/30,2020/12/31,0.821,JPM
47896,2019/12/31,2020/09/30,2021/01/31,0.821,JPM
47896,2020/12/31,2020/12/31,2021/02/28,0.653,JPM
47896,2020/12/31,2020/12/31,2021/03/31,0.653,JPM
47896,2020/12/31,2020/12/31,2021/04/30,0.653,JPM
47896,2020/12/31,2021/03/31,2021/05/31,0.541,JPM
47896,2020/12/31,2021/03/31,2021/06/30,0.541,JPM
47896,2020/12/31,2021/03/31,2021/07/31,0.541,JPM
47896,2020/12/31,2021/06/30,2021/08/31,0.546,JPM
47896,2020/12/31,2021/06/30,2021/09/30,0.546,JPM
47896,2020/12/31,2021/06/30,2021/10/31,0.546,JPM
47896,2020/12/31,2021/09/30,2021/11/30,0.528,JPM
47896,2020/12/31,2021/09/30,2021/12/31,0.528,JPM
59176,2018/12/31,2019/09/30,2020/01/31,0.237,AXP
59176,2019/12/31,2019/12/31,2020/02/29,0.213,AXP
59176,2019/12/31,2019/12/31,2020/03/31,0.213,AXP
59176,2019/12/31,2019/12/31,2020/04/30,0.213,AXP
59176,2019/12/31,2020/03/31,2020/05/31,0.305,AXP
59176,2019/12/31,2020/03/31,2020/06/30,0.305,AXP
59176,2019/12/31,2020/03/31,2020/07/31,0.305,AXP
59176,2019/12/31,2020/06/30,2020/08/31,0.275,AXP
59176,2019/12/31,2020/06/30,2020/09/30,0.275,AXP
59176,2019/12/31,2020/06/30,2020/10/31,0.275,AXP
59176,2019/12/31,2020/09/30,2020/11/30,0.271,AXP
59176,2019/12/31,2020/09/30,2020/12/31,0.271,AXP
59176,2019/12/31,2020/09/30,2021/01/31,0.271,AXP
59176,2020/12/31,2020/12/31,2021/02/28,0.220,AXP
59176,2020/12/31,2020/12/31,2021/03/31,0.220,AXP
59176,2020/12/31,2020/12/31,2021/04/30,0.220,AXP
59176,2020/12/31,2021/03/31,2021/05/31,0.215,AXP
59176,2020/12/31,2021/03/31,2021/06/30,0.215,AXP
59176,2020/12/31,2021/03/31,2021/07/31,0.215,AXP
59176,2020/12/31,2021/06/30,2021/08/31,0.194,AXP
59176,2020/12/31,2021/06/30,2021/09/30,0.194,AXP
59176,2020/12/31,2021/06/30,2021/10/31,0.194,AXP
59176,2020/12/31,2021/09/30,2021/11/30,0.187,AXP
59176,2020/12/31,2021/09/30,2021/12/31,0.187,AXP
82775,2018/12/31,2019/09/30,2020/01/31,0.720,HIG
82775,2019/12/31,2019/12/31,2020/02/29,0.729,HIG
82775,2019/12/31,2019/12/31,2020/03/31,0.729,HIG
82775,2019/12/31,2019/12/31,2020/04/30,0.729,HIG
82775,2019/12/31,2020/03/31,2020/05/31,1.184,HIG
82775,2019/12/31,2020/03/31,2020/06/30,1.184,HIG
82775,2019/12/31,2020/03/31,2020/07/31,1.184,HIG
82775,2019/12/31,2020/06/30,2020/08/31,1.212,HIG
82775,2019/12/31,2020/06/30,2020/09/30,1.212,HIG
82775,2019/12/31,2020/06/30,2020/10/31,1.212,HIG
82775,2019/12/31,2020/09/30,2020/11/30,1.323,HIG
82775,2019/12/31,2020/09/30,2020/12/31,1.323,HIG
82775,2019/12/31,2020/09/30,2021/01/31,1.323,HIG
82775,2020/12/31,2020/12/31,2021/02/28,1.037,HIG
82775,2020/12/31,2020/12/31,2021/03/31,1.037,HIG
82775,2020/12/31,2020/12/31,2021/04/30,1.037,HIG
82775,2020/12/31,2021/03/31,2021/05/31,0.727,HIG
82775,2020/12/31,2021/03/31,2021/06/30,0.727,HIG
82775,2020/12/31,2021/03/31,2021/07/31,0.727,HIG
82775,2020/12/31,2021/06/30,2021/08/31,0.828,HIG
82775,2020/12/31,2021/06/30,2021/09/30,0.828,HIG
82775,2020/12/31,2021/06/30,2021/10/31,0.828,HIG
82775,2020/12/31,2021/09/30,2021/11/30,0.730,HIG
82775,2020/12/31,2021/09/30,2021/12/31,0.730,HIG
84788,2018/12/31,2019/09/30,2020/01/31,0.066,AMZN
84788,2019/12/31,2019/12/31,2020/02/29,0.067,AMZN
84788,2019/12/31,2019/12/31,2020/03/31,0.067,AMZN
84788,2019/12/31,2019/12/31,2020/04/30,0.067,AMZN
84788,2019/12/31,2020/03/31,2020/05/31,0.067,AMZN
84788,2019/12/31,2020/03/31,2020/06/30,0.067,AMZN
84788,2019/12/31,2020/03/31,2020/07/31,0.067,AMZN
84788,2019/12/31,2020/06/30,2020/08/31,0.053,AMZN
84788,2019/12/31,2020/06/30,2020/09/30,0.053,AMZN
84788,2019/12/31,2020/06/30,2020/10/31,0.053,AMZN
84788,2019/12/31,2020/09/30,2020/11/30,0.052,AMZN
84788,2019/12/31,2020/09/30,2020/12/31,0.052,AMZN
84788,2019/12/31,2020/09/30,2021/01/31,0.052,AMZN
84788,2020/12/31,2020/12/31,2021/02/28,0.057,AMZN
84788,2020/12/31,2020/12/31,2021/03/31,0.057,AMZN
84788,2020/12/31,2020/12/31,2021/04/30,0.057,AMZN
84788,2020/12/31,2021/03/31,2021/05/31,0.066,AMZN
84788,2020/12/31,2021/03/31,2021/06/30,0.066,AMZN
84788,2020/12/31,2021/03/31,2021/07/31,0.066,AMZN
84788,2020/12/31,2021/06/30,2021/08/31,0.066,AMZN
84788,2020/12/31,2021/06/30,2021/09/30,0.066,AMZN
84788,2020/12/31,2021/06/30,2021/10/31,0.066,AMZN
84788,2020/12/31,2021/09/30,2021/11/30,0.072,AMZN
84788,2020/12/31,2021/09/30,2021/12/31,0.072,AMZN
85663,2018/12/31,2019/09/30,2020/01/31,0.577,URI
85663,2019/12/31,2019/12/31,2020/02/29,0.461,URI
85663,2019/12/31,2019/12/31,2020/03/31,0.461,URI
85663,2019/12/31,2019/12/31,2020/04/30,0.461,URI
85663,2019/12/31,2020/03/31,2020/05/31,0.744,URI
85663,2019/12/31,2020/03/31,2020/06/30,0.744,URI
85663,2019/12/31,2020/03/31,2020/07/31,0.744,URI
85663,2019/12/31,2020/06/30,2020/08/31,0.533,URI
85663,2019/12/31,2020/06/30,2020/09/30,0.533,URI
85663,2019/12/31,2020/06/30,2020/10/31,0.533,URI
85663,2019/12/31,2020/09/30,2020/11/30,0.475,URI
85663,2019/12/31,2020/09/30,2020/12/31,0.475,URI
85663,2019/12/31,2020/09/30,2021/01/31,0.475,URI
85663,2020/12/31,2020/12/31,2021/02/28,0.377,URI
85663,2020/12/31,2020/12/31,2021/03/31,0.377,URI
85663,2020/12/31,2020/12/31,2021/04/30,0.377,URI
85663,2020/12/31,2021/03/31,2021/05/31,0.273,URI
85663,2020/12/31,2021/03/31,2021/06/30,0.273,URI
85663,2020/12/31,2021/03/31,2021/07/31,0.273,URI
85663,2020/12/31,2021/06/30,2021/08/31,0.303,URI
85663,2020/12/31,2021/06/30,2021/09/30,0.303,URI
85663,2020/12/31,2021/06/30,2021/10/31,0.303,URI
85663,2020/12/31,2021/09/30,2021/11/30,0.298,URI
85663,2020/12/31,2021/09/30,2021/12/31,0.298,URI
89258,2018/12/31,2019/09/30,2020/01/31,1.837,PRU
89258,2019/12/31,2019/12/31,2020/02/29,1.688,PRU
89258,2019/12/31,2019/12/31,2020/03/31,1.688,PRU
89258,2019/12/31,2019/12/31,2020/04/30,1.688,PRU
89258,2019/12/31,2020/03/31,2020/05/31,2.944,PRU
89258,2019/12/31,2020/03/31,2020/06/30,2.944,PRU
89258,2019/12/31,2020/03/31,2020/07/31,2.944,PRU
89258,2019/12/31,2020/06/30,2020/08/31,2.742,PRU
89258,2019/12/31,2020/06/30,2020/09/30,2.742,PRU
89258,2019/12/31,2020/06/30,2020/10/31,2.742,PRU
89258,2019/12/31,2020/09/30,2020/11/30,2.636,PRU
89258,2019/12/31,2020/09/30,2020/12/31,2.636,PRU
89258,2019/12/31,2020/09/30,2021/01/31,2.636,PRU
89258,2020/12/31,2020/12/31,2021/02/28,2.179,PRU
89258,2020/12/31,2020/12/31,2021/03/31,2.179,PRU
89258,2020/12/31,2020/12/31,2021/04/30,2.179,PRU
89258,2020/12/31,2021/03/31,2021/05/31,1.616,PRU
89258,2020/12/31,2021/03/31,2021/06/30,1.616,PRU
89258,2020/12/31,2021/03/31,2021/07/31,1.616,PRU
89258,2020/12/31,2021/06/30,2021/08/31,1.591,PRU
89258,2020/12/31,2021/06/30,2021/09/30,1.591,PRU
89258,2020/12/31,2021/06/30,2021/10/31,1.591,PRU
89258,2020/12/31,2021/09/30,2021/11/30,1.552,PRU
89258,2020/12/31,2021/09/30,2021/12/31,1.552,PRU
89269,2018/12/31,2019/09/30,2020/01/31,0.688,CNC
89269,2019/12/31,2019/12/31,2020/02/29,0.488,CNC
89269,2019/12/31,2019/12/31,2020/03/31,0.488,CNC
89269,2019/12/31,2019/12/31,2020/04/30,0.488,CNC
89269,2019/12/31,2020/03/31,2020/05/31,0.684,CNC
89269,2019/12/31,2020/03/31,2020/06/30,0.684,CNC
89269,2019/12/31,2020/03/31,2020/07/31,0.684,CNC
89269,2019/12/31,2020/06/30,2020/08/31,0.681,CNC
89269,2019/12/31,2020/06/30,2020/09/30,0.681,CNC
89269,2019/12/31,2020/06/30,2020/10/31,0.681,CNC
89269,2019/12/31,2020/09/30,2020/11/30,0.761,CNC
89269,2019/12/31,2020/09/30,2020/12/31,0.761,CNC
89269,2019/12/31,2020/09/30,2021/01/31,0.761,CNC
89269,2020/12/31,2020/12/31,2021/02/28,0.782,CNC
89269,2020/12/31,2020/12/31,2021/03/31,0.782,CNC
89269,2020/12/31,2020/12/31,2021/04/30,0.782,CNC
89269,2020/12/31,2021/03/31,2021/05/31,0.751,CNC
89269,2020/12/31,2021/03/31,2021/06/30,0.751,CNC
89269,2020/12/31,2021/03/31,2021/07/31,0.751,CNC
89269,2020/12/31,2021/06/30,2021/08/31,0.643,CNC
89269,2020/12/31,2021/06/30,2021/09/30,0.643,CNC
89269,2020/12/31,2021/06/30,2021/10/31,0.643,CNC
89269,2020/12/31,2021/09/30,2021/11/30,0.768,CNC
89269,2020/12/31,2021/09/30,2021/12/31,0.768,CNC
90038,2018/12/31,2019/09/30,2020/01/31,0.740,AIZ
90038,2019/12/31,2019/12/31,2020/02/29,0.683,AIZ
90038,2019/12/31,2019/12/31,2020/03/31,0.683,AIZ
90038,2019/12/31,2019/12/31,2020/04/30,0.683,AIZ
90038,2019/12/31,2020/03/31,2020/05/31,0.864,AIZ
90038,2019/12/31,2020/03/31,2020/06/30,0.864,AIZ
90038,2019/12/31,2020/03/31,2020/07/31,0.864,AIZ
90038,2019/12/31,2020/06/30,2020/08/31,0.969,AIZ
90038,2019/12/31,2020/06/30,2020/09/30,0.969,AIZ
90038,2019/12/31,2020/06/30,2020/10/31,0.969,AIZ
90038,2019/12/31,2020/09/30,2020/11/30,0.828,AIZ
90038,2019/12/31,2020/09/30,2020/12/31,0.828,AIZ
90038,2019/12/31,2020/09/30,2021/01/31,0.828,AIZ
90038,2020/12/31,2020/12/31,2021/02/28,0.717,AIZ
90038,2020/12/31,2020/12/31,2021/03/31,0.717,AIZ
90038,2020/12/31,2020/12/31,2021/04/30,0.717,AIZ
90038,2020/12/31,2021/03/31,2021/05/31,0.677,AIZ
90038,2020/12/31,2021/03/31,2021/06/30,0.677,AIZ
90038,2020/12/31,2021/03/31,2021/07/31,0.677,AIZ
90038,2020/12/31,2021/06/30,2021/08/31,0.636,AIZ
90038,2020/12/31,2021/06/30,2021/09/30,0.636,AIZ
90038,2020/12/31,2021/06/30,2021/10/31,0.636,AIZ
90038,2020/12/31,2021/09/30,2021/11/30,0.633,AIZ
90038,2020/12/31,2021/09/30,2021/12/31,0.633,AIZ
90248,2018/12/31,2019/09/30,2020/01/31,,DPZ
90248,2019/12/31,2019/12/31,2020/02/29,,DPZ
90248,2019/12/31,2019/12/31,2020/03/31,,DPZ
90248,2019/12/31,2019/12/31,2020/04/30,,DPZ
90248,2019/12/31,2020/03/31,2020/05/31,,DPZ
90248,2019/12/31,2020/03/31,2020/06/30,,DPZ
90248,2019/12/31,2020/03/31,2020/07/31,,DPZ
90248,2019/12/31,2020/06/30,2020/08/31,,DPZ
90248,2019/12/31,2020/06/30,2020/09/30,,DPZ
90248,2019/12/31,2020/06/30,2020/10/31,,DPZ
90248,2019/12/31,2020/09/30,2020/11/30,,DPZ
90248,2019/12/31,2020/09/30,2020/12/31,,DPZ
90248,2019/12/31,2020/09/30,2021/01/31,,DPZ
90248,2020/12/31,2020/12/31,2021/02/28,,DPZ
90248,2020/12/31,2020/12/31,2021/03/31,,DPZ
90248,2020/12/31,2020/12/31,2021/04/30,,DPZ
90248,2020/12/31,2021/03/31,2021/05/31,,DPZ
90248,2020/12/31,2021/03/31,2021/06/30,,DPZ
90248,2020/12/31,2021/03/31,2021/07/31,,DPZ
90248,2020/12/31,2021/06/30,2021/08/31,,DPZ
90248,2020/12/31,2021/06/30,2021/09/30,,DPZ
90248,2020/12/31,2021/06/30,2021/10/31,,DPZ
90248,2020/12/31,2021/09/30,2021/11/30,,DPZ
90248,2020/12/31,2021/09/30,2021/12/31,,DPZ
90319,2018/12/31,2019/09/30,2020/01/31,0.233,GOOGL
90319,2019/12/31,2019/12/31,2020/02/29,0.220,GOOGL
90319,2019/12/31,2019/12/31,2020/03/31,0.220,GOOGL
90319,2019/12/31,2019/12/31,2020/04/30,0.220,GOOGL
90319,2019/12/31,2020/03/31,2020/05/31,0.259,GOOGL
90319,2019/12/31,2020/03/31,2020/06/30,0.259,GOOGL
90319,2019/12/31,2020/03/31,2020/07/31,0.259,GOOGL
90319,2019/12/31,2020/06/30,2020/08/31,0.216,GOOGL
90319,2019/12/31,2020/06/30,2020/09/30,0.216,GOOGL
90319,2019/12/31,2020/06/30,2020/10/31,0.216,GOOGL
90319,2019/12/31,2020/09/30,2020/11/30,0.216,GOOGL
90319,2019/12/31,2020/09/30,2020/12/31,0.216,GOOGL
90319,2019/12/31,2020/09/30,2021/01/31,0.216,GOOGL
90319,2020/12/31,2020/12/31,2021/02/28,0.191,GOOGL
90319,2020/12/31,2020/12/31,2021/03/31,0.191,GOOGL
90319,2020/12/31,2020/12/31,2021/04/30,0.191,GOOGL
90319,2020/12/31,2021/03/31,2021/05/31,0.169,GOOGL
90319,2020/12/31,2021/03/31,2021/06/30,0.169,GOOGL
90319,2020/12/31,2021/03/31,2021/07/31,0.169,GOOGL
90319,2020/12/31,2021/06/30,2021/08/31,0.149,GOOGL
90319,2020/12/31,2021/06/30,2021/09/30,0.149,GOOGL
90319,2020/12/31,2021/06/30,2021/10/31,0.149,GOOGL
90319,2020/12/31,2021/09/30,2021/11/30,0.140,GOOGL
90319,2020/12/31,2021/09/30,2021/12/31,0.140,GOOGL
90520,2018/12/31,2019/09/30,2020/01/31,0.203,CE
90520,2019/12/31,2019/12/31,2020/02/29,0.188,CE
90520,2019/12/31,2019/12/31,2020/03/31,0.188,CE
90520,2019/12/31,2019/12/31,2020/04/30,0.188,CE
90520,2019/12/31,2020/03/31,2020/05/31,0.312,CE
90520,2019/12/31,2020/03/31,2020/06/30,0.312,CE
90520,2019/12/31,2020/03/31,2020/07/31,0.312,CE
90520,2019/12/31,2020/06/30,2020/08/31,0.269,CE
90520,2019/12/31,2020/06/30,2020/09/30,0.269,CE
90520,2019/12/31,2020/06/30,2020/10/31,0.269,CE
90520,2019/12/31,2020/09/30,2020/11/30,0.212,CE
90520,2019/12/31,2020/09/30,2020/12/31,0.212,CE
90520,2019/12/31,2020/09/30,2021/01/31,0.212,CE
90520,2020/12/31,2020/12/31,2021/02/28,0.272,CE
90520,2020/12/31,2020/12/31,2021/03/31,0.272,CE
90520,2020/12/31,2020/12/31,2021/04/30,0.272,CE
90520,2020/12/31,2021/03/31,2021/05/31,0.241,CE
90520,2020/12/31,2021/03/31,2021/06/30,0.241,CE
90520,2020/12/31,2021/03/31,2021/07/31,0.241,CE
90520,2020/12/31,2021/06/30,2021/08/31,0.257,CE
90520,2020/12/31,2021/06/30,2021/09/30,0.257,CE
90520,2020/12/31,2021/06/30,2021/10/31,0.257,CE
90520,2020/12/31,2021/09/30,2021/11/30,0.271,CE
90520,2020/12/31,2021/09/30,2021/12/31,0.271,CE
90880,2018/12/31,2019/09/30,2020/01/31,0.320,AMP
90880,2019/12/31,2019/12/31,2020/02/29,0.277,AMP
90880,2019/12/31,2019/12/31,2020/03/31,0.277,AMP
90880,2019/12/31,2019/12/31,2020/04/30,0.277,AMP
90880,2019/12/31,2020/03/31,2020/05/31,0.534,AMP
90880,2019/12/31,2020/03/31,2020/06/30,0.534,AMP
90880,2019/12/31,2020/03/31,2020/07/31,0.534,AMP
90880,2019/12/31,2020/06/30,2020/08/31,0.359,AMP
90880,2019/12/31,2020/06/30,2020/09/30,0.359,AMP
90880,2019/12/31,2020/06/30,2020/10/31,0.359,AMP
90880,2019/12/31,2020/09/30,2020/11/30,0.332,AMP
90880,2019/12/31,2020/09/30,2020/12/31,0.332,AMP
90880,2019/12/31,2020/09/30,2021/01/31,0.332,AMP
90880,2020/12/31,2020/12/31,2021/02/28,0.259,AMP
90880,2020/12/31,2020/12/31,2021/03/31,0.259,AMP
90880,2020/12/31,2020/12/31,2021/04/30,0.259,AMP
90880,2020/12/31,2021/03/31,2021/05/31,0.204,AMP
90880,2020/12/31,2021/03/31,2021/06/30,0.204,AMP
90880,2020/12/31,2021/03/31,2021/07/31,0.204,AMP
90880,2020/12/31,2021/06/30,2021/08/31,0.200,AMP
90880,2020/12/31,2021/06/30,2021/09/30,0.200,AMP
90880,2020/12/31,2021/06/30,2021/10/31,0.200,AMP
90880,2020/12/31,2021/09/30,2021/11/30,0.192,AMP
90880,2020/12/31,2021/09/30,2021/12/31,0.192,AMP
91556,2019/01/31,2019/10/31,2020/01/31,0.087,ROST
91556,2019/01/31,2019/10/31,2020/02/29,0.087,ROST
91556,2020/01/31,2020/01/31,2020/03/31,0.088,ROST
91556,2020/01/31,2020/01/31,2020/04/30,0.088,ROST
91556,2020/01/31,2020/01/31,2020/05/31,0.088,ROST
91556,2020/01/31,2020/04/30,2020/06/30,0.092,ROST
91556,2020/01/31,2020/04/30,2020/07/31,0.092,ROST
91556,2020/01/31,2020/04/30,2020/08/31,0.092,ROST
91556,2020/01/31,2020/07/31,2020/09/30,0.095,ROST
91556,2020/01/31,2020/07/31,2020/10/31,0.095,ROST
91556,2020/01/31,2020/07/31,2020/11/30,0.095,ROST
91556,2020/01/31,2020/10/31,2020/12/31,0.104,ROST
91556,2020/01/31,2020/10/31,2021/01/31,0.104,ROST
91556,2020/01/31,2020/10/31,2021/02/28,0.104,ROST
91556,2021/01/31,2021/01/31,2021/03/31,0.086,ROST
91556,2021/01/31,2021/01/31,2021/04/30,0.086,ROST
91556,2021/01/31,2021/01/31,2021/05/31,0.086,ROST
91556,2021/01/31,2021/04/30,2021/06/30,0.081,ROST
91556,2021/01/31,2021/04/30,2021/07/31,0.081,ROST
91556,2021/01/31,2021/04/30,2021/08/31,0.081,ROST
91556,2021/01/31,2021/07/31,2021/09/30,0.093,ROST
91556,2021/01/31,2021/07/31,2021/10/31,0.093,ROST
91556,2021/01/31,2021/07/31,2021/11/30,0.093,ROST
91556,2021/01/31,2021/10/31,2021/12/31,0.103,ROST
91849,2019/06/30,2019/09/30,2020/01/31,0.087,BR
91849,2019/06/30,2019/12/31,2020/02/29,0.086,BR
91849,2019/06/30,2019/12/31,2020/03/31,0.086,BR
91849,2019/06/30,2019/12/31,2020/04/30,0.086,BR
91849,2019/06/30,2020/03/31,2020/05/31,0.121,BR
91849,2019/06/30,2020/03/31,2020/06/30,0.121,BR
91849,2019/06/30,2020/03/31,2020/07/31,0.121,BR
91849,2020/06/30,2020/06/30,2020/08/31,0.101,BR
91849,2020/06/30,2020/06/30,2020/09/30,0.101,BR
91849,2020/06/30,2020/06/30,2020/10/31,0.101,BR
91849,2020/06/30,2020/09/30,2020/11/30,0.101,BR
91849,2020/06/30,2020/09/30,2020/12/31,0.101,BR
91849,2020/06/30,2020/09/30,2021/01/31,0.101,BR
91849,2020/06/30,2020/12/31,2021/02/28,0.089,BR
91849,2020/06/30,2020/12/31,2021/03/31,0.089,BR
91849,2020/06/30,2020/12/31,2021/04/30,0.089,BR
91849,2020/06/30,2021/03/31,2021/05/31,0.098,BR
91849,2020/06/30,2021/03/31,2021/06/30,0.098,BR
91849,2020/06/30,2021/03/31,2021/07/31,0.098,BR
91849,2021/06/30,2021/06/30,2021/08/31,0.118,BR
91849,2021/06/30,2021/06/30,2021/09/30,0.118,BR
91849,2021/06/30,2021/06/30,2021/10/31,0.118,BR
91849,2021/06/30,2021/09/30,2021/11/30,0.111,BR
91849,2021/06/30,2021/09/30,2021/12/31,0.111,BR
92611,2019/09/30,2019/09/30,2020/01/31,0.092,V
92611,2019/09/30,2019/12/31,2020/02/29,0.086,V
92611,2019/09/30,2019/12/31,2020/03/31,0.086,V
92611,2019/09/30,2019/12/31,2020/04/30,0.086,V
92611,2019/09/30,2020/03/31,2020/05/31,0.099,V
92611,2019/09/30,2020/03/31,2020/06/30,0.099,V
92611,2019/09/30,2020/03/31,2020/07/31,0.099,V
92611,2019/09/30,2020/06/30,2020/08/31,0.085,V
92611,2019/09/30,2020/06/30,2020/09/30,0.085,V
92611,2019/09/30,2020/06/30,2020/10/31,0.085,V
92611,2020/09/30,2020/09/30,2020/11/30,0.086,V
92611,2020/09/30,2020/09/30,2020/12/31,0.086,V
92611,2020/09/30,2020/09/30,2021/01/31,0.086,V
92611,2020/09/30,2020/12/31,2021/02/28,0.084,V
92611,2020/09/30,2020/12/31,2021/03/31,0.084,V
92611,2020/09/30,2020/12/31,2021/04/30,0.084,V
92611,2020/09/30,2021/03/31,2021/05/31,0.088,V
92611,2020/09/30,2021/03/31,2021/06/30,0.088,V
92611,2020/09/30,2021/03/31,2021/07/31,0.088,V
92611,2020/09/30,2021/06/30,2021/08/31,0.082,V
92611,2020/09/30,2021/06/30,2021/09/30,0.082,V
92611,2020/09/30,2021/06/30,2021/10/31,0.082,V
92611,2021/09/30,2021/09/30,2021/11/30,0.086,V
92611,2021/09/30,2021/09/30,2021/12/31,0.086,V
92655,2018/12/31,2019/09/30,2020/01/31,0.281,UNH
92655,2019/12/31,2019/12/31,2020/02/29,0.217,UNH
92655,2019/12/31,2019/12/31,2020/03/31,0.217,UNH
92655,2019/12/31,2019/12/31,2020/04/30,0.217,UNH
92655,2019/12/31,2020/03/31,2020/05/31,0.254,UNH
92655,2019/12/31,2020/03/31,2020/06/30,0.254,UNH
92655,2019/12/31,2020/03/31,2020/07/31,0.254,UNH
92655,2019/12/31,2020/06/30,2020/08/31,0.239,UNH
92655,2019/12/31,2020/06/30,2020/09/30,0.239,UNH
92655,2019/12/31,2020/06/30,2020/10/31,0.239,UNH
92655,2019/12/31,2020/09/30,2020/11/30,0.232,UNH
92655,2019/12/31,2020/09/30,2020/12/31,0.232,UNH
92655,2019/12/31,2020/09/30,2021/01/31,0.232,UNH
92655,2020/12/31,2020/12/31,2021/02/28,0.208,UNH
92655,2020/12/31,2020/12/31,2021/03/31,0.208,UNH
92655,2020/12/31,2020/12/31,2021/04/30,0.208,UNH
92655,2020/12/31,2021/03/31,2021/05/31,0.199,UNH
92655,2020/12/31,2021/03/31,2021/06/30,0.199,UNH
92655,2020/12/31,2021/03/31,2021/07/31,0.199,UNH
92655,2020/12/31,2021/06/30,2021/08/31,0.192,UNH
92655,2020/12/31,2021/06/30,2021/09/30,0.192,UNH
92655,2020/12/31,2021/06/30,2021/10/31,0.192,UNH
92655,2020/12/31,2021/09/30,2021/11/30,0.201,UNH
92655,2020/12/31,2021/09/30,2021/12/31,0.201,UNH
93089,2018/12/31,2019/09/30,2020/01/31,0.092,VRSK
93089,2019/12/31,2019/12/31,2020/02/29,0.107,VRSK
93089,2019/12/31,2019/12/31,2020/03/31,0.107,VRSK
93089,2019/12/31,2019/12/31,2020/04/30,0.107,VRSK
93089,2019/12/31,2020/03/31,2020/05/31,0.107,VRSK
93089,2019/12/31,2020/03/31,2020/06/30,0.107,VRSK
93089,2019/12/31,2020/03/31,2020/07/31,0.107,VRSK
93089,2019/12/31,2020/06/30,2020/08/31,0.091,VRSK
93089,2019/12/31,2020/06/30,2020/09/30,0.091,VRSK
93089,2019/12/31,2020/06/30,2020/10/31,0.091,VRSK
93089,2019/12/31,2020/09/30,2020/11/30,0.093,VRSK
93089,2019/12/31,2020/09/30,2020/12/31,0.093,VRSK
93089,2019/12/31,2020/09/30,2021/01/31,0.093,VRSK
93089,2020/12/31,2020/12/31,2021/02/28,0.092,VRSK
93089,2020/12/31,2020/12/31,2021/03/31,0.092,VRSK
93089,2020/12/31,2020/12/31,2021/04/30,0.092,VRSK
93089,2020/12/31,2021/03/31,2021/05/31,0.110,VRSK
93089,2020/12/31,2021/03/31,2021/06/30,0.110,VRSK
93089,2020/12/31,2021/03/31,2021/07/31,0.110,VRSK
93089,2020/12/31,2021/06/30,2021/08/31,0.113,VRSK
93089,2020/12/31,2021/06/30,2021/09/30,0.113,VRSK
93089,2020/12/31,2021/06/30,2021/10/31,0.113,VRSK
93089,2020/12/31,2021/09/30,2021/11/30,0.097,VRSK
93089,2020/12/31,2021/09/30,2021/12/31,0.097,VRSK
93096,2019/01/31,2019/10/31,2020/01/31,0.178,DG
93096,2019/01/31,2019/10/31,2020/02/29,0.178,DG
93096,2020/01/31,2020/01/31,2020/03/31,0.191,DG
93096,2020/01/31,2020/01/31,2020/04/30,0.191,DG
93096,2020/01/31,2020/01/31,2020/05/31,0.191,DG
93096,2020/01/31,2020/04/30,2020/06/30,0.179,DG
93096,2020/01/31,2020/04/30,2020/07/31,0.179,DG
93096,2020/01/31,2020/04/30,2020/08/31,0.179,DG
93096,2020/01/31,2020/07/31,2020/09/30,0.170,DG
93096,2020/01/31,2020/07/31,2020/10/31,0.170,DG
93096,2020/01/31,2020/07/31,2020/11/30,0.170,DG
93096,2020/01/31,2020/10/31,2020/12/31,0.150,DG
93096,2020/01/31,2020/10/31,2021/01/31,0.150,DG
93096,2020/01/31,2020/10/31,2021/02/28,0.150,DG
93096,2021/01/31,2021/01/31,2021/03/31,0.157,DG
93096,2021/01/31,2021/01/31,2021/04/30,0.157,DG
93096,2021/01/31,2021/01/31,2021/05/31,0.157,DG
93096,2021/01/31,2021/04/30,2021/06/30,0.138,DG
93096,2021/01/31,2021/04/30,2021/07/31,0.138,DG
93096,2021/01/31,2021/04/30,2021/08/31,0.138,DG
93096,2021/01/31,2021/07/31,2021/09/30,0.127,DG
93096,2021/01/31,2021/07/31,2021/10/31,0.127,DG
93096,2021/01/31,2021/07/31,2021/11/30,0.127,DG
93096,2021/01/31,2021/10/31,2021/12/31,0.136,DG
